first_name,last_name,credit_card,transaction_amount,purchase_date
Sibbie,Millan,5108756704396610,$446.91,2022-06-09
Daria,Totton,5108751754949384,$322.29,2022-11-06
Malina,Baldack,5048374589998329,$491.59,2022-01-20
Ebeneser,Cutforth,5108750043844455,$281.13,2022-11-07
Neala,Guittet,5108752280955002,$377.13,2022-03-20
Juline,Ridges,5048371504740257,$427.49,2022-08-28
Mattie,Hadigate,5048370313224677,$74.51,2022-01-23
Venus,Leisman,5108752169360456,$315.81,2022-02-22
Moses,Worviell,5108750239232804,$274.92,2022-05-28
Nick,Arnatt,5108757415324271,$19.44,2022-03-30
Gerry,Pantridge,5048376490222418,$31.29,2022-11-23
Sapphire,Corneljes,5048377792723962,$147.49,2022-08-19
Letty,Joly,5108755093201449,$423.89,2022-02-14
Ardenia,Beecroft,5048379340415398,$414.82,2022-07-20
Bjorn,MacGilfoyle,5108759673149697,$174.31,2022-05-10
Lorette,Pautot,5108753164815783,$284.48,2022-09-05
Meryl,Liggens,5108758509204700,$479.94,2022-07-17
Thebault,Raccio,5048370669327587,$309.25,2022-08-28
Brandtr,Gregan,5048376462868008,$158.86,2022-06-23
Max,Godier,5048379100423020,$343.52,2022-05-17
Zia,Kaasmann,5108753410316305,$406.44,2022-03-21
Oralia,Bubb,5108755492255244,$334.34,2022-07-09
Merry,Lawles,5048376761838256,$486.09,2022-06-29
Isaiah,Gerrad,5108751213805482,$177.03,2022-08-04
Teressa,Bedding,5108752098960806,$499.04,2022-11-18
Mitchel,Vankin,5048375456985653,$227.75,2022-10-27
Pryce,Carbine,5048373688306269,$407.52,2022-10-07
Dylan,Dear,5108755568740269,$271.91,2022-06-21
Jolene,Snooks,5108752916719475,$194.90,2022-11-29
Arielle,Cownden,5108751499835138,$314.93,2022-01-04
Odie,Nichols,5048378467905363,$207.00,2022-11-06
Toiboid,Sunners,5108752583195322,$456.98,2022-03-22
Hope,Myderscough,5108759759286983,$304.70,2022-07-26
Janette,Breinl,5108755538497859,$391.20,2022-10-15
Dwain,Izkoveski,5048375547594811,$406.96,2022-05-29
Miguela,Weedon,5108755625839187,$406.50,2022-09-08
Bendick,Kirwin,5108759073944010,$386.61,2022-03-28
Ronnie,Millen,5108750071337604,$187.66,2022-07-20
Stefanie,Sangwin,5048376845717419,$254.58,2022-08-23
Eydie,Conley,5108755228959085,$115.58,2022-03-25
Zonnya,Nuss,5108755534217905,$409.80,2022-01-01
Sinclair,Rosenbloom,5108752345256321,$137.07,2022-10-03
Cindee,Llewellin,5108758207623359,$181.42,2022-04-04
Sigmund,Skeels,5048375723533849,$16.44,2022-01-16
Rossie,Ruppertz,5048373325007254,$246.46,2022-09-30
Krissy,Paddy,5108759395024749,$191.93,2022-02-01
Debor,Fones,5048374711201493,$147.40,2022-10-14
Arabella,Colliver,5108750737782581,$325.08,2022-02-12
Carlo,Tiltman,5108757937307416,$443.81,2022-04-20
Fae,Pywell,5048375072471567,$408.04,2022-05-06
Ileane,Sterland,5108759271416621,$362.96,2022-04-13
Waylon,Mochar,5108753320420288,$400.33,2022-11-10
Wandie,Gee,5048377272280822,$366.99,2022-12-28
Gilbertina,Ethelstone,5048379642023759,$191.46,2022-02-23
Sutton,Hainge,5108753327175232,$188.54,2022-11-13
Hilton,Dymocke,5048372670252267,$470.44,2022-04-12
Ashia,Henriques,5048379810798703,$462.67,2022-11-04
Claudia,Dingley,5108754366180901,$235.80,2022-05-12
Wynny,Carnaman,5108753368009068,$317.89,2022-08-27
Gennifer,Fairbeard,5108756672097687,$262.64,2022-03-27
Vivianne,Shelsher,5048379233397869,$17.60,2022-11-02
Shoshana,Camamill,5108755015561987,$453.76,2022-07-07
Dorian,Klassman,5108755109859099,$382.97,2022-05-23
Ulrick,Wildes,5108750294044243,$60.07,2022-11-07
Darda,Brick,5108759802765140,$23.43,2022-07-11
Agosto,Hirth,5048372374062491,$124.69,2022-03-29
Cchaddie,Male,5108753349348569,$398.13,2022-11-03
Bail,Waddup,5108758636136320,$112.50,2022-08-24
Florinda,Morcomb,5048372809850593,$288.81,2022-12-03
Isabelle,McLugish,5048377246926120,$43.74,2022-11-30
Lebbie,McNay,5048378381505117,$110.85,2022-07-20
Janos,Ivchenko,5108751511255935,$330.77,2022-03-12
Betteann,Mingame,5108754345133286,$463.57,2022-01-04
Vinnie,Weond,5108758063422169,$398.30,2022-06-19
Latia,Yeatman,5108756806745300,$226.71,2022-02-09
Jehanna,Overell,5108751329990251,$272.75,2022-09-09
Camila,Cohn,5048373576491934,$466.45,2022-11-07
Lauraine,Peppin,5048370397689852,$152.44,2022-03-22
Brose,Dionisetti,5108756360596982,$243.48,2022-01-28
Linnell,Philipet,5048375141248699,$489.02,2022-05-09
Edouard,Gresley,5108755455585918,$302.21,2022-02-21
Ursa,Dash,5108753078801135,$350.64,2022-01-09
Roxi,Ridsdell,5108758279529997,$51.08,2022-09-21
Lazar,Slemming,5048372277951303,$239.15,2022-10-22
Lesley,Godleman,5108756283062302,$309.24,2022-05-22
Alison,Averay,5048378111422815,$388.41,2022-04-02
Ellswerth,Alred,5108756946477558,$342.28,2022-03-19
Caddric,Mc Carroll,5108750296764111,$442.01,2022-03-17
Moshe,Davidde,5108757093990666,$489.85,2022-01-27
Curtice,Selkirk,5108753411988607,$337.49,2022-09-15
Ody,Chaundy,5108757026164314,$41.77,2022-01-06
Emory,Gordon,5048374473743351,$450.89,2022-12-22
Em,Littleover,5048376370561331,$182.90,2022-05-05
Odele,Birchwood,5048370659111017,$203.32,2022-03-26
Remington,Desbrow,5108755337300346,$22.46,2022-01-26
Sibella,Harsnipe,5108755307705714,$454.81,2022-10-20
Margaretha,Guilayn,5048374947998607,$183.73,2022-08-11
Alphard,Eschelle,5108755607718979,$114.10,2022-03-30
Brandais,Mould,5108754189715461,$155.77,2022-01-23
Dasi,Elliss,5108759424485945,$324.23,2022-12-12
Carce,Danahar,5048375704849198,$310.61,2022-01-12
Vanessa,Vial,5048375103568746,$40.94,2022-11-16
Boot,Quernel,5108753719582250,$354.63,2022-03-11
Herrick,Veness,5048372814685331,$390.99,2022-08-04
Minetta,Gregorio,5048373861492381,$457.77,2022-10-09
Owen,Kybbye,5048371225488616,$102.19,2022-12-29
Tania,Blind,5048377019785273,$475.12,2022-09-19
Ephrayim,Michele,5048378640085752,$87.25,2022-07-06
Emma,Badini,5108754972860193,$381.97,2022-08-26
Barry,Standfield,5048378451654159,$349.03,2022-02-12
Trix,Brafferton,5048373566784884,$374.89,2022-09-09
Orren,Novichenko,5108751464789138,$415.98,2022-11-01
Norma,McErlaine,5048378718142691,$414.40,2022-03-07
Meir,Fruchon,5108752220128942,$70.80,2022-01-12
Lesly,Youde,5108755769379669,$431.00,2022-08-22
Marion,Abramzon,5108755632389630,$397.37,2022-07-22
Suzy,Sorsby,5108752363875671,$51.69,2022-06-08
Charleen,Panchin,5048377624304577,$163.79,2022-12-30
Aleen,Giddings,5048370592658835,$80.85,2022-05-25
Alanson,Clamo,5108755395224727,$317.94,2022-12-28
Fitzgerald,Shutte,5048375455543834,$446.45,2022-01-22
Kellsie,Lias,5048371839163134,$301.96,2022-03-07
Veronika,Whapple,5048379443244299,$379.10,2022-02-09
Agna,Forrestall,5048372956772483,$335.68,2022-09-07
Bronny,Dorman,5108754660965940,$193.44,2022-03-26
Lane,Finlason,5108750447019993,$105.88,2022-04-30
Gannie,Rashleigh,5048371999322272,$132.66,2022-08-29
Margarette,Dibble,5108753365687304,$317.76,2022-04-04
Clem,Honniebal,5108757386618040,$141.21,2022-09-22
Miranda,Kohnert,5048373024501912,$337.26,2022-06-29
Noelyn,Muckian,5108759879344589,$115.43,2022-11-03
Gratiana,Dalzell,5108757106359644,$435.95,2022-03-07
Ansel,Plevey,5048374106142294,$112.44,2022-01-13
Noah,Lindroos,5048376041850907,$476.79,2022-06-07
Silvano,Merton,5048378214905492,$456.41,2022-03-11
York,Pilsworth,5048376942658672,$121.78,2022-05-14
Kimbra,Braunroth,5048379514960898,$424.27,2022-01-04
Gwynne,Chipps,5108757960959844,$186.13,2022-09-25
Pegeen,Zanitti,5048374338290523,$436.74,2022-05-23
Abey,Schoenleiter,5108756829328431,$218.98,2022-08-10
Terrye,Devanney,5048373375448812,$24.42,2022-09-14
Nickolas,Frost,5108758229942217,$101.40,2022-09-04
Tedra,Geering,5108750896190915,$263.16,2022-08-10
Kerwin,Burge,5108759718548861,$40.29,2022-06-04
Arnaldo,Kneesha,5048373741783561,$242.19,2022-08-17
Julina,Euston,5048375359454567,$119.89,2022-08-18
Alexandre,Lyttle,5108756445256420,$318.79,2022-11-04
Katrine,Dudek,5108751951479342,$411.64,2022-01-02
Hermon,Vannuccini,5048375045391165,$345.58,2022-10-11
Vere,Sarrell,5108753507132805,$452.85,2022-07-01
Dalton,Giacomo,5108759369293304,$442.66,2022-04-14
Wang,Spafford,5048373706690389,$90.04,2022-09-26
Bride,Deware,5048372805059348,$24.84,2022-06-01
Hana,Clowes,5048374573468172,$231.66,2022-09-03
Claire,Broadbere,5048377192158389,$47.03,2022-10-12
Stern,Clubb,5108759129235710,$426.05,2022-03-05
Marlowe,Pickle,5108751454018332,$285.11,2022-01-27
Fawne,Garthside,5048377366473648,$89.32,2022-02-04
Camilla,Cantos,5108758575706455,$264.65,2022-04-17
Paquito,Medcalfe,5108757336555862,$120.83,2022-02-03
Base,Matelyunas,5108758907465986,$203.22,2022-12-27
Angil,Carik,5048370734895501,$202.16,2022-02-05
Orazio,Neesam,5048372169113582,$460.30,2022-05-17
Fania,Matlock,5048372683330654,$273.66,2022-02-02
Kennett,Grabeham,5048370753983170,$357.97,2022-05-17
Almire,Peddowe,5048377568198068,$401.61,2022-03-16
Joachim,MacEllen,5108750939636049,$89.41,2022-09-19
Frank,Siemon,5048374196831475,$357.39,2022-01-28
Frans,Cardis,5108752829933577,$256.74,2022-03-07
Idalia,Adderson,5108751993076403,$101.70,2022-05-31
Nona,Stollman,5108750868630724,$372.51,2022-04-23
Sloane,Thonason,5048372105837864,$223.74,2022-08-29
Ines,Trimme,5048377974416179,$327.23,2022-03-10
Ingrim,McGlaughn,5048376102656458,$97.33,2022-03-22
Averill,Kittow,5108751481718698,$133.18,2022-04-09
Billi,Mattheissen,5048370378214472,$265.58,2022-11-18
Sean,Gerraty,5048375408184231,$25.44,2022-12-07
Jarret,Antonio,5048376622589064,$136.62,2022-05-16
Alic,Pimblett,5108750177631553,$143.94,2022-06-10
Elsy,Ayling,5108755752416262,$470.55,2022-11-05
Haven,Eastbrook,5108753602344354,$361.07,2022-12-24
Myrtle,O'Cooney,5108755629230276,$462.53,2022-03-10
Kerianne,Norcross,5048374827443203,$467.19,2022-11-25
Electra,Lindmark,5048372903970594,$464.50,2022-02-02
Cammie,Finker,5048379480440628,$457.79,2022-07-02
Linet,MacMaster,5108757806357617,$423.10,2022-04-23
Jamie,McConville,5048374841107594,$203.80,2022-07-31
Donnell,Tixall,5048376326953574,$92.68,2022-04-24
Cleopatra,Asple,5048372331377966,$427.12,2022-05-23
Ruthi,Toplin,5048376120706053,$247.42,2022-03-07
Vittorio,Ridett,5108753829922651,$28.44,2022-03-07
Fanni,Pretorius,5048374796172148,$339.84,2022-02-13
Renata,Brunon,5048376595125375,$350.15,2022-07-27
Annabela,Iffland,5108755609857437,$225.30,2022-12-05
Lelah,Hearl,5048373374363616,$254.26,2022-10-16
Gennie,Gormally,5048375745698505,$184.31,2022-03-27
Alysia,Karus,5108752369455585,$119.12,2022-09-06
Trefor,Brade,5048373855346015,$429.84,2022-07-04
Florence,Thomasson,5108752029365299,$290.78,2022-06-24
Dylan,Georgiev,5048371407721826,$163.53,2022-12-08
Sophi,Harnwell,5048372709273540,$217.91,2022-10-11
Nels,Udall,5108757914131052,$223.09,2022-07-06
Jaime,Ackland,5048373905543652,$494.81,2022-08-31
Rutherford,Feyer,5048374902385410,$374.73,2022-07-02
Camel,Blything,5048377281216445,$303.16,2022-12-20
Lyell,Arondel,5048375476200240,$397.50,2022-04-09
Kincaid,Ancliffe,5048374794178337,$478.34,2022-06-02
Tadd,Eim,5048377661505714,$385.03,2022-07-05
Sigvard,Kingcote,5108750527036545,$283.37,2022-01-20
Carmon,Week,5048378798325943,$72.48,2022-11-06
Ruprecht,Hatter,5108755120589030,$307.33,2022-05-19
Natasha,Broggetti,5108754163018460,$360.24,2022-07-28
Blanca,Parsonson,5048370706334349,$293.35,2022-12-08
Haskell,Shoobridge,5048376711001161,$261.87,2022-10-13
Bell,Roxby,5048371828438299,$223.10,2022-06-04
Edin,Willford,5108756816031584,$208.23,2022-06-28
Alphonso,Coppock.,5048371508919071,$92.49,2022-05-05
Kennith,Roaf,5108755737821768,$238.97,2022-06-25
Edwina,Timoney,5108756560174754,$255.82,2022-12-23
Shellie,Pautard,5108756446798438,$400.05,2022-09-12
Katee,Prestage,5048379091495896,$217.65,2022-02-02
Frazer,Shere,5108754474858158,$185.25,2022-12-20
Stanton,Lanchester,5048372064242254,$366.64,2022-02-11
Stanislaw,Escalero,5108750416905057,$309.96,2022-08-12
Tamera,Hellikes,5108758141053358,$112.25,2022-09-02
Denny,Maffetti,5108758209920597,$112.60,2022-02-26
Katy,MacGraith,5108759664803278,$39.87,2022-04-18
Julianne,Oaks,5048377914600791,$15.95,2022-05-18
Willie,Jeynes,5108752764385429,$418.29,2022-09-22
Jobina,Laughton,5048372014991786,$457.72,2022-03-26
Haydon,Roland,5048373116824081,$17.34,2022-08-06
Kenny,Bocke,5048376193982276,$306.46,2022-04-04
Reggie,Hulle,5108757310200550,$222.89,2022-05-21
Albertine,Smewings,5048375466789806,$456.53,2022-08-05
Breena,Grogona,5108759333021153,$276.65,2022-03-29
Mia,Volante,5108752476966375,$189.89,2022-12-09
Malena,Carlisi,5048372550072827,$493.19,2022-03-10
Annissa,Stollwerk,5108759938531325,$498.48,2022-08-07
Anetta,Stefi,5048374409443290,$74.61,2022-06-22
Hadria,Pantone,5048379001055798,$436.00,2022-06-08
Kimberlee,Goakes,5108759252924478,$238.51,2022-04-02
Martainn,Biaggioni,5108754186569242,$407.46,2022-02-22
Ninetta,Mulrenan,5108755915769581,$378.46,2022-09-07
Shirleen,Cluley,5108752879983605,$168.64,2022-10-13
Irma,Downie,5048375080073983,$14.81,2022-03-11
Niccolo,Kensley,5108752728761087,$184.33,2022-11-09
Lian,Grishakov,5048375480206639,$338.82,2022-11-13
Alexia,Bramall,5108750188881403,$321.26,2022-08-31
Raquela,Yallop,5048372919211512,$272.95,2022-06-24
Tito,Lethebridge,5048371820559571,$84.56,2022-04-19
Zane,Styles,5048374728342421,$378.30,2022-09-24
Andonis,Lambell,5108752467224651,$270.89,2022-12-02
Howard,Bullin,5108752720226758,$429.71,2022-04-09
Lucia,Maydway,5108751004813067,$414.48,2022-01-14
Rosabelle,Fleetham,5048374393331220,$107.18,2022-02-22
George,Ringham,5108751131272674,$148.94,2022-11-25
Obidiah,Mollen,5108754002068478,$409.02,2022-07-08
Tremain,Allmond,5108751037464334,$192.84,2022-07-31
Worth,Maleby,5108756362664861,$187.49,2022-10-30
Manuel,Siss,5048379515826908,$184.63,2022-06-03
Bryce,Krzysztof,5108756081323260,$330.75,2022-09-22
Danny,Balkwill,5048373375326463,$418.58,2022-03-31
Lamar,Barks,5048374947409779,$240.43,2022-07-18
Tomi,Sagar,5108753758500809,$433.37,2022-04-07
Luciana,Blanking,5048370557726429,$478.27,2022-05-30
Goldia,Rosthorn,5108754214481071,$497.85,2022-08-02
Sascha,Alliott,5048378522166514,$490.83,2022-08-11
Arleyne,Armes,5108758021781128,$122.75,2022-05-31
Abbie,Cressor,5108751688761491,$241.38,2022-12-16
Estelle,Eddisford,5108759603063059,$122.34,2022-09-25
Salim,Messager,5048375117196476,$494.86,2022-05-23
Isaak,Piscot,5108759814387065,$455.12,2022-05-19
Ody,Springett,5108753232620629,$18.98,2022-11-22
Cyb,Aiston,5048374476390416,$437.26,2022-01-31
Jocelin,Souttar,5048370879105344,$484.21,2022-07-27
Dianna,Shovlin,5048372356964904,$254.64,2022-09-09
Andree,Pauletti,5108750688429943,$293.79,2022-05-04
Cleopatra,Beecheno,5048371808054827,$21.59,2022-05-14
Eloise,Biasioni,5108750548475060,$343.32,2022-12-19
Greg,Lanegran,5108753751083076,$156.23,2022-10-11
Elsworth,Darbishire,5108754933027619,$307.30,2022-06-07
Carleen,Lavielle,5108758656906727,$181.70,2022-02-26
Sibbie,Rowles,5108755095954276,$266.76,2022-07-24
Lorie,Earney,5048371821782594,$316.75,2022-11-10
Mason,Littledike,5048379287408968,$154.82,2022-04-24
Morton,Bouts,5048378000655269,$410.67,2022-10-14
Witty,Kardos-Stowe,5108755234349701,$267.89,2022-11-04
Davin,Kisby,5108750767865827,$122.86,2022-02-25
Tansy,Rayburn,5048374436813358,$267.52,2022-09-20
Augustina,Goneau,5108753913204669,$300.04,2022-02-21
Ola,Devas,5108754729523938,$376.04,2022-06-04
Lombard,Beller,5048375292516274,$480.33,2022-09-03
Davey,Knoble,5048374004752723,$349.57,2022-01-09
Nedda,MacGorley,5048379595543142,$356.07,2022-06-23
Celie,Bartleet,5108750989166913,$278.92,2022-07-23
Adore,Giblin,5048375011415204,$410.97,2022-10-25
Mareah,Noblet,5048374683273041,$58.80,2022-04-22
Erinna,McMearty,5108757711447180,$167.22,2022-02-22
Nerta,Micallef,5108753022445484,$271.31,2022-01-08
Meredeth,Pennock,5108755902320349,$270.17,2022-05-14
Sheelagh,Tatum,5108751334862883,$399.26,2022-03-01
Florinda,Swynfen,5108752526543026,$343.87,2022-10-24
Marisa,Pilbury,5108751133827483,$333.22,2022-04-06
Rhianon,Sibly,5048375955394563,$406.45,2022-08-17
Glenn,Dmtrovic,5048371259935623,$378.22,2022-12-20
Vinnie,Hrihorovich,5048372676882331,$347.10,2022-07-08
Shanie,Cowthard,5048376057082668,$304.10,2022-10-18
Romonda,MacDavitt,5108758937320284,$33.52,2022-07-14
Ellie,Taft,5108750673581039,$219.68,2022-08-23
Valentino,Elphinston,5048374717576583,$166.52,2022-05-27
Sancho,Sharply,5048375189693467,$221.80,2022-08-21
Bartolemo,Sawkin,5108756281964806,$238.30,2022-05-13
Jasmina,Marriot,5108758584197563,$49.28,2022-10-29
David,Mulheron,5048377013134403,$438.81,2022-05-08
James,Kiloh,5108758157301857,$480.29,2022-10-04
Devondra,Lancashire,5048374077479485,$126.10,2022-03-26
Krissy,Gildea,5108756817170183,$428.64,2022-05-15
Richy,Duetschens,5108757983646642,$370.76,2022-03-19
Cecilia,Bennellick,5048375038486246,$479.99,2022-09-17
Ev,Donnel,5108759980721725,$401.69,2022-07-11
Demetria,Dooland,5108752421053139,$251.93,2022-10-05
Marthena,Laurand,5048370494038490,$106.31,2022-01-13
Lina,Seekings,5108759253058466,$371.65,2022-05-05
Ottilie,Bringloe,5108755249701805,$496.88,2022-04-25
Tyson,Espino,5108758497636988,$372.44,2022-07-27
Lonee,Vondra,5048373868679915,$441.77,2022-01-01
Willow,Adrien,5048377525165804,$295.52,2022-12-24
Thorin,Cristofolo,5048376196053356,$113.55,2022-05-28
Lloyd,Drewell,5048374553685332,$441.74,2022-01-23
Lorenza,Vassie,5108755354928508,$328.47,2022-10-04
Rockie,Rangle,5048376657237563,$64.05,2022-11-17
Horatius,Garfath,5108753400717991,$442.18,2022-01-22
Ainslee,Dorsey,5048378825585642,$351.75,2022-12-24
Beaufort,Powton,5048378673466291,$81.47,2022-11-11
Carola,Hackley,5108752777396116,$194.53,2022-02-17
Molli,Nerney,5048372985924519,$10.14,2022-05-23
Bondie,Kneal,5108752432119739,$70.10,2022-12-29
Sybyl,Cuddon,5048373335643304,$487.70,2022-06-11
Eve,Toping,5048370249466442,$445.63,2022-05-29
Julee,Leggett,5108753517458653,$411.42,2022-08-21
Daisy,Prodrick,5048379533805041,$421.67,2022-12-26
Idell,Leeke,5048372920479660,$21.15,2022-01-10
Vivia,Bust,5048376292515332,$377.17,2022-04-07
Lynnelle,Schild,5048376726711051,$341.65,2022-07-16
Culver,MacEllen,5048372007567155,$114.99,2022-02-15
Kev,Fowden,5048375027797850,$336.62,2022-03-11
Cosmo,Poulden,5108753942755319,$86.59,2022-06-05
Dru,Cherryman,5048377766337039,$289.23,2022-11-06
Shayna,Sawers,5108758308175176,$18.67,2022-07-20
Flori,Lasty,5048377351883439,$96.21,2022-03-12
Scotty,MacGoun,5048372509498016,$437.39,2022-12-09
Dolf,Kurdani,5048371050456357,$127.02,2022-11-26
Caitrin,Spiteri,5108758726937835,$155.14,2022-03-24
Terrell,Romeril,5048373145323725,$301.99,2022-12-12
Albertina,Muckleston,5108755012433206,$411.39,2022-10-25
Marchall,MacAloren,5108750592302822,$164.32,2022-12-20
Jessi,Peery,5108758222751342,$43.86,2022-10-02
Townsend,Parkyns,5108755367790580,$372.10,2022-07-12
Nerita,Rubinsaft,5048377851256359,$269.76,2022-06-28
Amye,Paley,5048374443320017,$172.93,2022-07-03
Raymund,Brymham,5048370736103250,$487.76,2022-04-16
Yard,Glowinski,5048379456205062,$124.19,2022-11-02
Darrel,Oxlade,5048378140681290,$255.82,2022-02-02
Karlotta,O'Lunny,5048374525970044,$358.59,2022-10-28
Nicole,Bushby,5048373041471206,$338.04,2022-06-14
Lisetta,Olyunin,5108756955663148,$324.78,2022-12-06
Marlow,Panther,5108750037813243,$263.39,2022-12-02
Westley,Speachley,5108755903244639,$124.57,2022-09-24
Eduard,Bengefield,5108754876649163,$321.76,2022-04-13
Leola,Drummond,5048373178322388,$49.26,2022-04-19
Pennie,Tomaskov,5108758623736587,$28.92,2022-07-03
Kathie,Kilgrew,5048377603888202,$71.12,2022-09-05
Leicester,Abrahams,5048373248611646,$80.79,2022-09-02
Vannie,Bannard,5048371754718730,$292.08,2022-12-28
Shalna,Snartt,5048378410828175,$134.88,2022-08-12
Vivi,Blyth,5108755883391988,$94.30,2022-08-11
Luther,Clougher,5108756884871051,$426.56,2022-12-14
Elli,Gilbride,5048372839746670,$72.87,2022-07-01
Gaven,Sacher,5048375716463897,$459.75,2022-05-14
Zackariah,Pentony,5108757843411617,$200.12,2022-06-09
Rodge,Portsmouth,5048371607036652,$249.62,2022-02-15
Bink,Latimer,5048370503764433,$424.82,2022-12-06
Ellery,Jaegar,5108758739356791,$307.07,2022-10-22
Irina,D'Aeth,5108751673493597,$221.82,2022-04-04
Guthrey,Dearlove,5048375097050941,$120.43,2022-08-23
Giulio,Karolovsky,5048374257271496,$80.72,2022-02-14
Fionna,Chamberlaine,5048375743757998,$128.84,2022-12-14
Sergeant,Castellet,5048374262795703,$438.71,2022-09-16
Ulla,Farlowe,5048374272833288,$127.33,2022-10-12
Berkley,Narracott,5108752184478481,$393.59,2022-12-08
Kevina,Grut,5048374437852504,$345.68,2022-08-18
Alfy,Alpin,5108753145229773,$12.11,2022-09-10
Sharona,Finlayson,5108755176538840,$68.21,2022-09-15
Ash,Mozzini,5048372777153970,$334.49,2022-06-17
Felice,Alebrooke,5108759020368925,$20.14,2022-01-04
Aprilette,Foulser,5108758805020198,$27.88,2022-02-27
Felipa,Minty,5048374477145256,$99.98,2022-04-25
Murdoch,Camellini,5048375371415869,$498.23,2022-10-06
Bendick,Puddefoot,5108758499323338,$157.05,2022-07-04
Lyn,Almak,5048374971834355,$106.88,2022-08-27
Terri,Schubart,5048372049691633,$216.19,2022-12-21
Jordon,Underwood,5048371276712195,$377.24,2022-12-18
Maisey,Yakolev,5048374681660587,$406.69,2022-09-25
Munroe,Spiers,5048371639835600,$422.29,2022-01-27
Alvy,Ventam,5048379585312995,$373.75,2022-01-08
Rey,Illwell,5108755172666777,$332.31,2022-03-21
Farrah,Skeates,5048378467137363,$173.95,2022-04-13
Kev,McWilliams,5048372706580152,$99.94,2022-05-10
Merralee,Valentino,5108759642986211,$379.06,2022-03-19
Linell,Lax,5048370564442952,$36.05,2022-02-12
Corene,Van Der Hoog,5108755010528650,$13.79,2022-07-26
Felicity,Gilbride,5108752481374995,$170.49,2022-07-03
Major,Bromley,5108756032995497,$414.33,2022-08-10
Lynea,Scurman,5108759554400128,$244.16,2022-10-17
Rose,Comazzo,5048376872051542,$419.52,2022-05-21
Kerwinn,Clinch,5108754267194951,$104.71,2022-07-18
Gardener,Reven,5108750422208058,$296.96,2022-04-13
Olivia,Torbett,5108754335523975,$489.24,2022-12-18
Nicky,Jeromson,5048377960156706,$39.70,2022-10-05
Anica,Scoular,5108751293736318,$412.09,2022-01-13
Estevan,Sparey,5048370205464688,$333.22,2022-10-16
Augustine,Snar,5048371260690423,$328.74,2022-10-20
Jacki,Meadows,5048376234905799,$479.95,2022-12-09
Winfred,Elijahu,5048377601526952,$377.93,2022-03-19
Franchot,Ecclesall,5108754470110307,$320.83,2022-12-29
Bard,Finnemore,5108756004446081,$197.93,2022-11-13
Edouard,Durban,5108757262511616,$41.89,2022-05-18
Gallagher,Willcot,5048371098986837,$260.03,2022-09-13
Shelton,Elston,5048377702422127,$51.91,2022-07-29
Marge,Maccrae,5108750298657099,$266.32,2022-12-13
Barton,Brilleman,5048371098465840,$436.01,2022-09-25
Augusta,Tilne,5048379030219191,$216.30,2022-10-01
Jordana,Dudbridge,5048376448943107,$450.54,2022-06-30
Rayna,Tallquist,5108755861047719,$491.69,2022-12-08
Barry,Delcastel,5108757837164818,$46.33,2022-12-29
Amos,Perham,5048378249596472,$176.63,2022-12-01
Harper,Rimer,5048378881220829,$490.04,2022-04-10
Giuditta,Blampey,5108750954993564,$250.01,2022-02-02
Aleece,Shorto,5108759499922483,$47.91,2022-10-15
Boniface,Muncaster,5108756321372242,$368.74,2022-04-29
Bing,Ginnaly,5048371010550059,$228.83,2022-03-13
Emmy,Bougourd,5108758827343818,$337.01,2022-06-02
Estrellita,Edmenson,5048376044299789,$462.36,2022-06-26
Jaimie,Holyland,5108755593427072,$327.95,2022-04-10
Nana,Ackenhead,5048377859475746,$344.01,2022-03-25
Hall,Getch,5108755944321933,$63.73,2022-06-01
Farly,Phillip,5108753400833053,$91.92,2022-02-18
Allx,Kinvan,5048372725836874,$390.27,2022-04-22
Davide,Darragh,5108755195368559,$464.02,2022-03-10
Sidonia,MacConnell,5048371598399127,$236.38,2022-01-25
Brit,Talman,5108752875525400,$71.64,2022-12-24
Marysa,Helsdon,5108751049637059,$268.46,2022-11-30
Amalea,Bettesworth,5108754846768655,$282.87,2022-11-27
Cathleen,Juszczyk,5108758585317566,$182.55,2022-12-26
Gibbie,Stace,5048370623685658,$126.26,2022-01-02
Corabel,Absolon,5108754353158316,$401.52,2022-09-30
William,Meacher,5048371151208285,$214.06,2022-01-16
Clo,Gorrie,5108754007767439,$36.72,2022-01-30
Neel,Crane,5108755417836920,$14.38,2022-11-11
Andy,D'Ambrogi,5108751829665189,$443.67,2022-11-08
Amity,Niemetz,5108750840897011,$55.12,2022-06-08
Phillis,Chaster,5048373386077352,$314.98,2022-02-08
Remington,Cowper,5108755164544008,$106.20,2022-07-09
Dacia,Curle,5108757886414767,$411.42,2022-05-16
Mart,Pipe,5048374513398661,$301.77,2022-12-13
Wendye,Alsford,5108759511024250,$311.59,2022-04-10
Tilda,Di Biagio,5108753321799847,$250.55,2022-03-22
Charissa,De'Ath,5048373932813904,$108.39,2022-06-21
Annnora,Turfes,5048379684230478,$181.63,2022-04-11
Sergent,Conn,5048373746993827,$220.62,2022-02-11
Nadine,Kefford,5108752183348982,$35.75,2022-02-16
Abagail,Whanstall,5048370715705224,$202.98,2022-10-27
Aarika,Ciccotto,5048375618431075,$414.90,2022-06-05
Dorry,Jojic,5048375615551305,$217.31,2022-01-07
Cecelia,Randlesome,5108757262488765,$196.44,2022-06-29
Timmy,Hoffmann,5108752679795266,$143.47,2022-04-09
Corine,Ives,5108753522024730,$344.48,2022-02-26
Julina,Moody,5048373939126011,$161.37,2022-04-07
Darline,Iiannoni,5108755093354768,$255.78,2022-09-02
Kitty,Aumerle,5048376721755954,$249.37,2022-01-12
Cedric,Barbary,5048372920513138,$376.70,2022-01-12
Timmy,Swaffer,5108750331039826,$18.85,2022-11-24
Darsie,Simeoni,5108752142359260,$127.86,2022-07-09
Jaclin,Stuckley,5108752573091978,$312.38,2022-09-11
Lucius,Bruckental,5048379927558529,$442.33,2022-10-04
Alfonse,Baldry,5108756067376035,$94.60,2022-09-02
Ariella,Glastonbury,5048373241606502,$399.82,2022-07-03
Crysta,Vane,5048378537722731,$312.28,2022-04-26
Samaria,Jeune,5048375568623572,$236.29,2022-06-20
Paulie,Berdale,5048377178413964,$352.40,2022-10-12
Tulley,Doughtery,5048372204581215,$137.82,2022-07-20
Emelina,Piscopello,5048374091117905,$205.48,2022-04-13
Allison,Ivan,5108751116070259,$203.66,2022-08-01
Trstram,Keitley,5108750987827201,$160.18,2022-05-22
Abigail,Coathup,5048374230481212,$24.41,2022-03-01
Giusto,McLeoid,5048375983657973,$157.74,2022-07-19
Whitby,Conew,5108753779158637,$204.54,2022-08-29
Baily,Beechcraft,5048370420752073,$488.39,2022-08-15
Nicolai,Middleditch,5108752835800802,$274.95,2022-05-24
Nerta,Mabee,5048372552285906,$158.52,2022-12-07
Clo,Bodleigh,5048372916160332,$298.39,2022-11-08
Dionisio,Beavon,5048376302465015,$187.86,2022-06-27
Chas,Dealey,5048376612241304,$211.52,2022-07-15
Norrie,Repp,5108758952891748,$332.17,2022-05-20
Olva,Siderfin,5048371640976468,$268.59,2022-12-02
Lu,Mapham,5108754969587775,$337.78,2022-04-09
Yale,Balfe,5048376898183352,$119.17,2022-02-22
Annamarie,Ruck,5108750395771520,$114.27,2022-08-15
Kelbee,Choake,5048373982858627,$170.19,2022-11-11
Shermy,Sea,5048378773176709,$237.85,2022-12-23
Bernadene,Piggin,5108750284394566,$421.79,2022-09-28
Catrina,Book,5048370248017253,$364.72,2022-06-11
Deanna,Wintour,5108753914129923,$396.82,2022-07-22
Heddi,Mathers,5048370850486754,$490.41,2022-01-19
Frieda,Wadie,5048374947311496,$163.98,2022-06-17
Addy,Muldownie,5048378992578339,$459.60,2022-06-22
Sileas,Korejs,5048379269652583,$219.02,2022-10-04
Ada,Payton,5048370016147183,$154.66,2022-05-19
Gerty,Broadhead,5048372573264542,$399.15,2022-10-16
Bonni,Asey,5108751723665772,$80.23,2022-02-27
Kelcey,Thursby,5048374425575430,$194.25,2022-01-31
Mortie,Dinnage,5108753519858918,$22.62,2022-04-19
Hasty,Insley,5048378334632042,$422.29,2022-08-23
Farr,Pietersma,5048374088633112,$59.81,2022-04-18
Hilary,Lockner,5108751581874581,$138.30,2022-05-17
Sinclair,Ghelardi,5048372033335981,$374.91,2022-04-04
Jamison,Ventura,5108759307911025,$418.05,2022-02-04
Giacopo,Topling,5108753004610154,$12.00,2022-04-26
Vasili,Jentle,5108756843949048,$70.17,2022-07-31
Walther,Klyn,5048379210261567,$165.02,2022-08-09
Elisa,Endean,5048378468956415,$26.90,2022-10-15
Gabie,Scambler,5048370509327169,$199.03,2022-04-06
Winona,Arnow,5108753454448774,$206.24,2022-07-23
Maurie,Bullivant,5108751420033126,$406.25,2022-09-11
Mata,Berrington,5108752797573181,$216.53,2022-02-11
Willy,Saffe,5048378622908831,$256.45,2022-04-05
Farley,Titmarsh,5048373633856624,$164.96,2022-02-17
Dieter,Chooter,5048376492514291,$394.44,2022-09-02
Gilburt,Martinho,5048376322069391,$271.01,2022-07-27
Seline,Heinert,5048372798798936,$291.47,2022-04-05
Karla,Roughsedge,5048374177241009,$364.59,2022-05-04
Lamar,Stych,5108756372704335,$356.35,2022-05-13
Deonne,Brunning,5108754507418301,$474.75,2022-07-16
Gwynne,Bassil,5108757297729142,$82.11,2022-05-02
Lew,Illsley,5048371197216441,$464.56,2022-07-29
Maggy,Daye,5048374572843920,$54.77,2022-04-08
Glori,Twelvetrees,5108751003633136,$420.93,2022-08-14
Rachael,Evangelinos,5108758308787830,$261.61,2022-07-08
El,Duce,5108752640046799,$394.74,2022-12-12
Major,Slobom,5048374890284948,$436.01,2022-07-13
Lyman,Coch,5108759836486218,$105.40,2022-09-19
Rivi,Manktelow,5048372783479203,$171.70,2022-08-30
Newton,Bowness,5048374271487664,$69.71,2022-10-03
Emmit,Kinghorne,5048373857549558,$146.80,2022-09-04
Eva,Eglin,5048379304113641,$75.47,2022-12-23
Guenna,Lippett,5048379833177406,$458.59,2022-06-20
Danna,Krauss,5108759797732667,$200.70,2022-07-05
Dedra,Beddin,5108753233770753,$415.58,2022-12-04
Pavlov,Dolan,5048373940425881,$264.10,2022-10-20
Dale,Cheesman,5108750067453241,$280.62,2022-09-17
Tamiko,Barok,5048376933066992,$391.25,2022-01-28
Angus,Weall,5108753991662465,$469.01,2022-06-22
Keane,Maclean,5108754518216371,$63.21,2022-06-04
Ronica,Kirman,5048378205610143,$499.87,2022-08-06
Valaria,Pashen,5048374370857858,$321.10,2022-04-08
Bill,Derl,5108758397602932,$376.29,2022-03-07
Torrance,Phillis,5048373625762533,$187.20,2022-06-27
Kathye,Wiffler,5108751358211587,$134.84,2022-12-06
Sherman,Hawgood,5048372735184745,$346.90,2022-09-26
Axel,Wooldridge,5108754152230126,$204.58,2022-11-28
Bathsheba,Ramard,5108755922400584,$450.44,2022-07-28
Felice,Edgerly,5108754778879363,$226.64,2022-10-27
Karrah,Vannuccinii,5108750865899645,$352.65,2022-09-18
Royce,Palfrey,5048377327140930,$277.34,2022-02-04
Robinia,Butner,5108756470456739,$311.87,2022-07-02
Arleen,Beacock,5048375138098016,$97.90,2022-04-03
Marcella,O'Fogarty,5048374682970399,$450.49,2022-10-26
Delmor,Farraway,5048370300205002,$20.74,2022-01-15
Dotti,Jovovic,5108752623530900,$23.79,2022-12-08
Stern,Dowson,5108750327334397,$148.61,2022-05-28
Ian,Gotcliffe,5108756651103100,$180.93,2022-03-02
Ned,Gobbett,5108753293611012,$24.13,2022-05-26
Tan,Girogetti,5048372278193095,$117.62,2022-12-01
Chevalier,Hinkes,5048372018108965,$369.54,2022-01-14
Joyce,McCray,5108757264042065,$159.84,2022-05-29
Dasi,Dorney,5108756464164901,$126.54,2022-01-13
Elysha,Hutfield,5048376103376346,$228.02,2022-10-02
Gannon,Cranmore,5108756642944877,$355.55,2022-05-20
Link,Kirkam,5108757381567465,$324.95,2022-02-19
Jareb,Lethley,5048373255479168,$59.13,2022-05-19
Amy,Thurner,5108750234184695,$146.18,2022-10-19
Tommi,Fitzsymons,5108753292833153,$184.05,2022-11-05
Katherine,Dobrowlski,5048373026522734,$280.54,2022-03-23
Iain,Reidie,5108752933684652,$249.60,2022-07-20
Lorenza,Carah,5048370131978157,$84.71,2022-05-06
Emma,Eul,5108753217187982,$407.80,2022-08-25
Wilton,Jouhan,5048375732897359,$33.51,2022-08-03
Norbie,Lanfear,5108752251171290,$252.88,2022-11-22
Bent,Gyford,5048372490227614,$60.84,2022-04-24
Zacharie,Truder,5108757590775958,$422.10,2022-02-06
Lilas,Spurr,5048372300772080,$69.34,2022-06-16
Carlene,Syme,5108753976821656,$271.75,2022-08-31
Ros,Abriani,5048377696894265,$49.17,2022-06-29
Coleen,Hearson,5108754386992178,$385.10,2022-05-08
Alyce,Knivett,5048370692224611,$320.90,2022-11-12
Margareta,Wasteney,5048370853252880,$155.04,2022-03-30
Lucia,Rosoman,5108758233019101,$250.54,2022-07-21
Quinlan,Hanfrey,5048371733854242,$204.63,2022-01-15
Nikki,Forre,5108758870299933,$480.19,2022-03-27
Lissy,Chipps,5108759736012437,$218.09,2022-07-10
Porter,Batrip,5108752247636810,$480.42,2022-06-21
Nadya,Gallaher,5048372708075136,$442.75,2022-02-03
Corene,Gaspar,5108759670993865,$249.20,2022-01-31
Jolynn,Tummons,5108759301031689,$283.80,2022-11-23
Tomaso,Bonnor,5108751704769684,$54.62,2022-11-20
Norean,Wrixon,5048374461751366,$414.17,2022-01-26
Clarissa,Jesse,5048371058246248,$171.32,2022-10-02
Benny,Bernardot,5108750590382420,$340.60,2022-04-06
Reider,Haistwell,5108757185681793,$283.90,2022-06-06
Jacquette,Gillison,5108750075579813,$317.54,2022-04-19
Nadeen,Reijmers,5108751332457421,$315.18,2022-10-31
Madella,Casaroli,5108750465632354,$439.48,2022-06-13
Joseito,Oddboy,5048370711284794,$358.73,2022-05-31
Nicolais,Noli,5048372014795195,$265.89,2022-09-25
Calley,Piers,5108753672686338,$63.95,2022-01-11
Jacques,Daveran,5108755314487363,$243.68,2022-11-27
Michele,Crossfeld,5048370020383857,$249.79,2022-12-25
Sandra,Buchett,5108754060570027,$331.73,2022-01-03
Moll,Craythorn,5108755434720917,$402.83,2022-03-29
Nelle,McGerraghty,5048379795887463,$154.70,2022-02-17
Mathian,Shuttlewood,5108756073916428,$248.52,2022-06-16
Frank,Sandars,5108754008318711,$125.65,2022-01-28
Yoshiko,Mansour,5048377859357472,$449.00,2022-06-30
Christos,Marley,5048378462467492,$132.65,2022-09-04
Bevon,Ridulfo,5048378936024143,$197.86,2022-09-29
Tudor,Winslow,5108759814944659,$385.07,2022-07-20
Mari,Lesslie,5048379901697798,$31.32,2022-09-24
Casie,Poetz,5108756175068078,$174.41,2022-10-17
Buckie,Pulsford,5108755182738798,$421.68,2022-06-01
Nev,Gerrish,5108753392878504,$76.40,2022-10-08
Nadean,Quincey,5108755437724395,$165.62,2022-04-26
Mariska,Camble,5108757914115139,$56.57,2022-02-15
Moritz,Shout,5048375888219598,$187.74,2022-02-03
Torie,Goodluck,5108752832756114,$392.07,2022-01-23
Dalila,Metzing,5108754414097917,$497.10,2022-03-14
Rudyard,Siene,5048371255421552,$89.49,2022-09-17
Melli,Height,5048376444297557,$31.78,2022-04-15
Bing,Sedge,5108753360629111,$273.84,2022-06-29
Cameron,Greenough,5108753607265133,$317.88,2022-09-14
Olva,Gasken,5048370150727360,$268.30,2022-04-04
Henri,Songest,5048375207138321,$283.73,2022-03-08
Ame,Beer,5048373499648263,$191.02,2022-05-11
Jacky,Camoletto,5048370187518865,$485.53,2022-08-29
Guenevere,Stollwerk,5108752306353844,$376.67,2022-11-21
Blinny,Gotfrey,5048374987168855,$305.94,2022-09-30
Virgie,Boud,5048373264684725,$69.66,2022-07-29
Kirbie,Simon,5048379567532198,$336.06,2022-12-22
Tasia,Widdicombe,5048379018438532,$207.07,2022-05-12
Quillan,O'Quin,5048371302592777,$298.46,2022-01-05
Dorette,Corsham,5108755051180247,$413.75,2022-12-21
Anselma,Hawe,5108758661607435,$83.04,2022-03-02
Kendrick,Brunner,5108752908377613,$486.55,2022-07-09
Caitrin,Bugby,5108759396164270,$126.57,2022-03-07
Pet,Hammerson,5048376743206101,$141.34,2022-11-01
Fowler,Corbet,5108751254771882,$354.75,2022-06-01
Lemuel,Creeboe,5108753285424168,$242.75,2022-11-21
Karlik,Bythell,5048379145080272,$228.38,2022-06-10
Elbert,Manuely,5108756835026847,$409.23,2022-02-13
Isaac,Geaveny,5108759782479555,$12.03,2022-11-16
Elicia,Dymott,5048374120627437,$404.75,2022-02-23
Mitzi,Cleal,5108751117256352,$478.24,2022-06-25
Chrysler,Battrick,5108759465153055,$356.84,2022-07-23
Gweneth,Woliter,5108757261591585,$215.56,2022-06-09
Ermina,Exton,5108754563444373,$463.36,2022-03-27
Hadley,Faulkes,5048371224387959,$198.81,2022-09-13
Brannon,Wigmore,5108752502532001,$323.97,2022-12-27
Lucien,Muat,5048378367819730,$210.23,2022-05-16
Loralee,Wrightham,5108755532490629,$338.10,2022-10-20
Andrea,Coultous,5108758775594057,$99.80,2022-09-23
Stewart,Lammie,5048377736185112,$332.96,2022-04-11
Ninnette,Devons,5108753897137117,$460.58,2022-07-31
Dorie,Bake,5108758303388873,$26.59,2022-10-24
Georgianne,Wombwell,5048379092520650,$94.54,2022-10-20
Emlynne,Bevan,5108758228179738,$360.77,2022-03-05
Doloritas,Barthod,5108756045785612,$66.82,2022-04-02
Leone,Filmer,5108754097991055,$223.39,2022-11-16
Avram,Goodisson,5108755232889542,$89.17,2022-04-13
Newton,Colbeck,5048375825187270,$254.29,2022-12-15
Niven,Sparke,5048376641215360,$114.96,2022-07-11
Elicia,Shawcross,5108752812057426,$163.85,2022-08-27
Faustine,Wanley,5108756682521213,$327.57,2022-01-01
Merrilee,O' Finan,5108756789377931,$258.68,2022-11-10
Emmeline,Haldon,5048370716457858,$147.35,2022-08-28
Tandie,Bonnick,5048375155638553,$392.08,2022-08-02
Prent,De Witt,5108759009104408,$71.69,2022-02-21
Celestyna,Mochan,5048374084909508,$211.17,2022-03-23
Rodrick,Bawden,5048376975769529,$168.80,2022-07-29
Baxter,McKie,5108750511544223,$355.97,2022-10-20
Ardine,Jessup,5108756100893780,$46.18,2022-01-16
Lonny,Effnert,5048375353394645,$283.08,2022-08-13
Sol,Stirrip,5048377960274871,$484.60,2022-05-28
Iolanthe,Sergison,5108756543552555,$130.36,2022-08-17
Mitzi,Kieran,5108751548884939,$323.06,2022-01-26
Constantino,Landeg,5108751976291482,$254.62,2022-09-18
Linoel,Garahan,5048379537611452,$153.17,2022-10-06
Niko,Saterweyte,5048378258295545,$202.17,2022-10-15
Oliy,Kochlin,5048373039452135,$306.97,2022-01-08
Guillermo,Kelcher,5108752042880654,$177.49,2022-12-21
Jon,Bendel,5108754756735280,$485.37,2022-02-06
Violante,Randall,5048373929956104,$267.80,2022-01-06
Amaleta,Smissen,5108757509970666,$246.68,2022-01-03
Stephana,Spaunton,5108755488891150,$353.93,2022-11-03
Byrom,Dresse,5108751634296444,$161.00,2022-07-19
Elianora,Dzeniskevich,5108756198268184,$88.52,2022-05-06
Gerrie,Nutkins,5108758796499344,$127.10,2022-03-19
Gerek,Fairlaw,5048370922877469,$482.38,2022-06-25
Netti,Tregoning,5108756727421148,$385.59,2022-06-01
Saunders,Artois,5048375210908173,$269.21,2022-11-05
Linea,Eastbury,5108757876520037,$324.46,2022-06-07
Blondie,Giametti,5108753366773681,$90.40,2022-05-27
Brendis,Mummery,5048372314200656,$431.08,2022-10-11
Clarissa,Abbys,5108752082624368,$214.87,2022-11-17
Quinlan,Nerger,5108753579623715,$94.02,2022-02-13
Nikolaos,Cardno,5048378286105161,$38.72,2022-07-22
Wes,Hugonnet,5108755391480885,$66.16,2022-12-05
Sanford,Glen,5108756316558987,$166.39,2022-01-02
Celestina,Da Costa,5108753605662117,$180.25,2022-04-16
Maisey,Fibbens,5048375083094028,$21.25,2022-09-20
Padgett,Brach,5048373221728060,$408.08,2022-12-23
Brendan,Shimman,5108753080685278,$29.23,2022-04-04
Jourdain,Mohamed,5108758151414599,$478.34,2022-11-21
Colan,Pollie,5108750070211164,$128.12,2022-10-15
Benjamin,Cowope,5048377133817051,$39.32,2022-06-12
Nevil,Silber,5048373680381914,$56.61,2022-06-20
Corny,Sadry,5108756743108745,$294.30,2022-12-14
Max,Danielovitch,5048376198467141,$142.58,2022-07-16
Hew,Bride,5108750836802892,$296.22,2022-10-06
Elene,Spatarul,5108759923162375,$124.46,2022-09-25
Rubina,Fausch,5048376626689282,$163.59,2022-03-01
Ottilie,Crookston,5048375952350543,$178.70,2022-12-06
Marielle,Oloshkin,5108751329475899,$495.93,2022-11-19
Gabriela,Gilbertson,5048378239572608,$465.38,2022-09-07
Suzann,Yeabsley,5108758426329531,$250.11,2022-04-29
Michal,Sibbering,5108754924777768,$244.63,2022-10-18
Brose,Pannett,5108757830498700,$405.83,2022-06-27
Ara,Braiden,5108754097594545,$490.03,2022-11-14
Noach,Simmonite,5108752512439056,$22.83,2022-06-06
Dulcea,Konerding,5108750580566990,$177.96,2022-06-29
Orlando,Warren,5108755587687814,$302.02,2022-07-26
Isidore,Browning,5048370503247793,$55.03,2022-05-08
Todd,Gustus,5108754520488992,$489.76,2022-09-18
Emeline,Bessett,5048376850734580,$378.94,2022-10-12
Kally,O'Scannill,5108756925567064,$349.62,2022-02-28
Ezra,Abrahart,5048374717391249,$373.98,2022-07-15
Pernell,Oleksiak,5108755452616096,$34.95,2022-12-23
Fletch,Extence,5108756518920613,$306.81,2022-04-03
Devy,Gabey,5048372185002090,$412.42,2022-01-24
Maureene,Foxten,5048375168506847,$130.24,2022-11-13
Evanne,Trench,5108753126221427,$468.98,2022-12-17
Manny,Dosdill,5108759458178614,$287.56,2022-10-28
Jandy,Gilardone,5048372996920373,$180.30,2022-11-29
Fran,Fosher,5108759161049938,$41.92,2022-05-25
Mickie,Slingsby,5048378883675590,$477.44,2022-03-24
Britteny,Amdohr,5108751182217057,$250.92,2022-06-05
Rica,Hemerijk,5048372352960088,$98.01,2022-03-25
Nico,Quiddinton,5048379907171053,$386.50,2022-12-15
Robin,Mews,5048375815421929,$233.14,2022-09-14
Kareem,Rands,5048375075641661,$347.99,2022-09-11
Galen,Claydon,5108750232616375,$107.39,2022-01-26
Dougy,Crumby,5048372459517120,$117.99,2022-03-27
Nisse,Picker,5108757650865632,$61.31,2022-06-03
Briggs,Phripp,5108759644800659,$268.87,2022-03-31
Ronni,Cawthorne,5048370946980497,$176.40,2022-06-05
Padraic,Carroll,5108755233613578,$464.57,2022-11-16
Rupert,Wilfing,5108758958876669,$490.82,2022-05-20
Niko,Kubczak,5048374391203876,$129.12,2022-03-25
Sondra,Harbard,5108754254315577,$178.03,2022-05-07
Rudolf,Flori,5108753784134151,$259.34,2022-05-27
Blancha,Reihm,5048378916837621,$426.58,2022-03-15
Angy,Reolfo,5108752584758599,$36.12,2022-09-09
Lamar,Cullinan,5048373199397633,$414.50,2022-12-14
Freeland,Treadaway,5048370504570599,$163.03,2022-08-31
Reid,Rutt,5048371665589923,$111.11,2022-01-28
Ania,Cracknell,5048376445034421,$157.21,2022-12-09
Archambault,Dominguez,5108751964896698,$394.68,2022-03-04
Marmaduke,Mussolini,5108753900639919,$452.09,2022-03-18
Lavinia,Cammack,5048370327397758,$139.17,2022-12-24
Gilburt,Ribou,5048379471387911,$249.09,2022-02-09
Domingo,Welbeck,5108759874727309,$422.70,2022-08-15
Darelle,Seagar,5048372379859438,$62.15,2022-11-26
North,Pellington,5048376549239637,$186.42,2022-03-07
Bernie,Whiscard,5108754326115955,$244.78,2022-02-22
Richmond,Hannah,5108758393866150,$50.69,2022-09-05
Rodd,Gegg,5048374074835457,$285.58,2022-07-30
Brandy,McClaughlin,5048370494343668,$97.91,2022-01-15
Agnesse,Whodcoat,5108753089563773,$393.51,2022-04-19
Wes,Hirsthouse,5048371081941070,$362.31,2022-06-07
Jeri,Neilus,5048370644788788,$112.13,2022-09-10
Lisa,Penzer,5048377980283415,$143.77,2022-12-23
Monroe,Maffi,5108754313779573,$470.08,2022-09-27
Gayel,Parmenter,5108759513342569,$313.68,2022-10-13
Rudy,Franks,5108756802914041,$86.53,2022-04-03
Culley,Goldbourn,5108757227955536,$99.15,2022-11-08
Penny,Jodlowski,5048370100298611,$346.31,2022-02-20
Hendrika,Ghidotti,5108755756217880,$488.31,2022-04-13
Maynard,Normaville,5108758974031661,$297.45,2022-05-27
Jemmie,Barnbrook,5048377490040487,$201.07,2022-12-29
Meier,Brevetor,5108753418896829,$237.59,2022-09-24
Codie,Heisham,5048370537010506,$13.86,2022-06-19
Jaime,Triggle,5108755771827291,$260.82,2022-12-17
Sallyann,Goodsir,5048372172930360,$168.73,2022-04-04
Avrom,Hince,5048371105387631,$129.30,2022-03-18
Shelba,Ding,5048373442038364,$386.11,2022-04-30
Quentin,Otterwell,5108755433774295,$107.92,2022-03-11
Kerrin,Eliyahu,5048371692964180,$419.17,2022-05-05
Fairleigh,Cannop,5048376319650203,$293.15,2022-03-17
Sidoney,Pittson,5048375336224661,$21.44,2022-10-09
Jolie,Novelli,5048371542429129,$437.20,2022-08-14
Boigie,Smails,5108751329154577,$45.60,2022-04-15
Waverley,Lethlay,5048372648597579,$290.37,2022-10-30
Valerie,Longthorne,5108759829408245,$306.87,2022-11-19
Joel,Littleproud,5048374875068571,$146.28,2022-12-08
Candra,MacAless,5048373420196200,$289.26,2022-06-15
Oralla,Phateplace,5048371904674080,$485.40,2022-04-07
Batsheva,Wrighton,5108750001657105,$421.23,2022-02-26
Philippa,Viccars,5108755276710950,$18.97,2022-04-02
Andrea,Kendell,5048373931894483,$285.01,2022-01-08
Oswald,Chimenti,5108758942082655,$127.35,2022-11-08
Gwendolen,Coates,5048376958395680,$37.16,2022-07-24
Betteann,Tower,5108759178087608,$67.16,2022-03-25
Angelina,Snowden,5108757393780213,$353.04,2022-03-23
Georgena,Allewell,5108755387241283,$81.73,2022-10-05
Zoe,Coggell,5048372140015120,$98.44,2022-05-07
Alexio,Jeune,5048372679454948,$139.45,2022-06-16
Carolyne,Minillo,5048379647570200,$280.15,2022-03-05
Yance,Mault,5048376404345446,$26.46,2022-07-13
Hakeem,Bernat,5048375501675580,$86.41,2022-03-25
Corilla,Wickmann,5048378055650876,$30.98,2022-11-28
Ladonna,Lorence,5048370619791106,$104.09,2022-04-23
Thibaut,Curedale,5108750757075627,$374.89,2022-04-30
Barrett,Turvie,5108759802197062,$400.77,2022-09-17
Annabelle,MacDearmaid,5108753397987672,$149.06,2022-02-14
Annice,Bogace,5048372018178372,$475.01,2022-11-24
Kristina,Jaquest,5108753599789736,$378.04,2022-02-07
Izaak,Champness,5048372074813227,$300.61,2022-07-03
Vinni,Woodfield,5108755149100512,$43.67,2022-03-12
Keri,Hardiman,5048378291484908,$465.82,2022-10-01
Calvin,Buske,5048374669514145,$369.79,2022-04-07
Gina,Slate,5048372494224989,$365.44,2022-03-29
Colette,Wolfendell,5048371210097513,$495.93,2022-01-16
Hartley,Malsher,5108752628687770,$432.36,2022-01-25
Bryn,Dearnaly,5048379086648970,$69.46,2022-09-11
Pepillo,Lintot,5048374888100569,$143.24,2022-05-03
Ola,Edowes,5048371410169278,$62.43,2022-03-20
Kiah,Bloom,5108752478927649,$111.76,2022-05-29
Jamie,Glisenan,5108755437602955,$320.53,2022-08-07
Grady,Caltera,5048377047846543,$55.48,2022-03-08
Elene,Laurentin,5108759774334495,$368.46,2022-09-17
Jordon,Colly,5048374896816701,$488.10,2022-09-12
Livy,O'Callaghan,5108752160282303,$21.83,2022-11-09
Wendell,Lambrick,5108759261943006,$361.22,2022-09-11
Sherill,Derobert,5108756158875952,$116.71,2022-04-20
Randa,Corona,5108757704110217,$15.98,2022-10-18
Guy,Hugk,5048374864793866,$155.86,2022-10-05
Jacquette,Kik,5108756343178890,$72.69,2022-10-07
Nanette,Iozefovich,5048375322045625,$256.76,2022-04-11
Drusilla,Ambroisin,5108756192140678,$382.66,2022-12-29
Nobe,Fernley,5108759160307832,$478.95,2022-01-09
Diane,Lampe,5048377897061839,$349.75,2022-09-24
Hedi,Rump,5048376906566945,$404.88,2022-07-10
Tobias,Warr,5048373270386380,$364.32,2022-10-08
Ludovika,Ornils,5048375808345622,$375.39,2022-03-10
Pearl,Glyn,5048372880455502,$183.87,2022-04-17
Clemmy,Gelsthorpe,5048374388885057,$193.29,2022-09-24
Walther,Eliasen,5108753968354914,$234.21,2022-11-09
Tallie,Jimes,5108758105778529,$331.60,2022-02-24
Obidiah,Osmond,5108751065132480,$302.79,2022-06-25
Iosep,Gillford,5108753435335009,$454.80,2022-11-28
Umberto,Parrish,5048373456743115,$10.25,2022-01-14
Odetta,Dovington,5108756497920717,$233.05,2022-06-17
Janek,Loffhead,5108753880288935,$409.07,2022-01-31
Roselin,Moncrieffe,5108753220005288,$249.09,2022-07-13
Roger,Leahy,5048370942748336,$240.92,2022-09-12
Marty,Glanders,5048376247129965,$157.57,2022-09-28
Harlie,Solomonides,5048375814865100,$437.70,2022-10-18
Coop,Ticic,5048375709691355,$204.42,2022-11-25
Fedora,Rushford,5048374493347068,$28.30,2022-02-21
Gil,Hares,5048376359802185,$106.19,2022-10-14
Selia,Purser,5108758632661644,$468.94,2022-12-24
Priscella,Lukianov,5108756509627938,$454.70,2022-08-26
Shalom,Castanho,5048378818297718,$221.09,2022-02-10
Axe,Coles,5048375399303949,$394.35,2022-01-15
Hunt,Rochford,5048370701635906,$151.08,2022-04-13
Angie,Gager,5108755708717367,$127.53,2022-04-22
Rozele,Phare,5048377278539874,$48.16,2022-07-27
Ginnifer,Carpe,5108750269629390,$457.39,2022-04-14
Claudianus,Coggeshall,5108755721934460,$209.54,2022-02-06
Sigismondo,Shurlock,5048376065150424,$161.48,2022-03-01
Anne,Gurys,5108756576223488,$459.60,2022-03-02
Hastings,Canton,5048370069317501,$235.65,2022-05-09
Chalmers,Sandal,5048372233738752,$400.20,2022-12-09
Philis,Ridge,5108759670833582,$321.72,2022-09-26
Sarine,Storm,5048378637928535,$52.96,2022-04-03
Lita,Selby,5108752744578895,$422.31,2022-10-06
Rouvin,Durtnel,5108753759183563,$253.07,2022-07-25
Dion,Vallentin,5048371750256552,$74.72,2022-04-11
Dorothy,Rosensaft,5048374944942194,$120.77,2022-04-08
Collette,Blundan,5108756335542517,$146.19,2022-06-02
Renata,Demcak,5048379350055787,$46.19,2022-11-01
Mallissa,Spinney,5108753387885464,$483.25,2022-02-09
Else,Oleszczak,5108751290905247,$186.27,2022-09-06
Trenna,Corley,5108754138444924,$133.93,2022-12-02
Spencer,Evenett,5048375526851687,$457.72,2022-11-19
Flora,Langman,5048372767042696,$391.03,2022-03-13
Evelyn,Matthisson,5048374040969562,$267.27,2022-08-26
Whittaker,Esch,5108755076079713,$312.99,2022-10-16
Nathan,Tosney,5048372939388514,$235.59,2022-02-25
Darb,Veighey,5048374332272006,$196.12,2022-10-19
Olenka,Bragg,5048371173835099,$299.15,2022-11-13
Bonnee,Kinastan,5108757415379465,$199.64,2022-01-16
Estrella,Tuft,5108758857710159,$331.52,2022-08-24
Donny,Dominique,5048378315069545,$51.74,2022-06-16
Keane,Raigatt,5048370095113197,$289.34,2022-12-09
Lelah,Gunny,5108759892447625,$401.17,2022-12-18
Darn,Mothersdale,5108752243311525,$197.28,2022-05-07
Oriana,Ollenbuttel,5048370613769967,$428.73,2022-03-02
Terrye,Soaper,5108751517082135,$404.88,2022-08-07
Marjory,Labbe,5048376701958057,$458.40,2022-07-17
Crysta,Firks,5048375470104414,$482.43,2022-03-23
Cosme,Moizer,5048374874342613,$377.56,2022-01-23
Tessie,Di Giorgio,5108759883936727,$262.48,2022-07-09
Woody,Lambirth,5048379077127323,$375.69,2022-05-04
Holden,Hoggin,5108754612005613,$409.70,2022-12-01
Forster,Hessentaler,5108758518909489,$51.83,2022-04-27
Grissel,Wingrove,5108750007201338,$488.55,2022-06-28
Enos,Bresson,5108751831984610,$167.43,2022-07-05
Brok,How to preserve,5048371116937101,$300.40,2022-05-30
Selle,Malmar,5108754454261829,$58.60,2022-02-28
Cyndia,Bayfield,5048371900453315,$144.03,2022-04-13
Jaynell,Speerman,5048377232105952,$267.13,2022-05-14
Travers,Spera,5108753261713774,$83.43,2022-04-13
Sindee,Godfrey,5048370919061499,$99.93,2022-08-19
Stella,Skeemor,5048371298619113,$100.57,2022-10-16
Ty,Risen,5048374268441039,$221.34,2022-09-30
Sandro,Phuprate,5048373302218122,$332.34,2022-10-03
Windham,Crim,5048370115186371,$315.34,2022-12-13
Rochella,Franzel,5048373334409095,$474.33,2022-08-27
Luis,Englefield,5048374550821369,$121.06,2022-06-05
Barbette,Farnhill,5048379962109865,$23.99,2022-10-04
Tynan,Tomlett,5048370809058316,$355.58,2022-08-16
Ruby,Litel,5048371699675763,$139.11,2022-09-11
Kittie,Guilloux,5108751874040619,$224.10,2022-03-24
Claudio,De Gouy,5108751108386135,$39.38,2022-03-04
Faunie,Mackin,5108750937181022,$330.55,2022-11-09
Charity,Santer,5108751572396537,$296.61,2022-08-10
Garv,Mallows,5108750286609029,$130.73,2022-04-07
Joyann,Campsall,5048373458067836,$51.81,2022-02-10
Ame,Cobbold,5048373537089561,$305.91,2022-03-16
Maurise,Bonevant,5108750311598957,$276.76,2022-02-03
Johann,Enric,5108758746562464,$78.30,2022-04-19
Laurens,Spoole,5048373553520614,$489.91,2022-04-22
Sean,Dunkinson,5108755820923315,$453.99,2022-09-28
Raffaello,Rowbottom,5108759522790733,$382.85,2022-07-19
Kyle,Rendell,5108751188371189,$137.77,2022-03-07
Arlyn,Caple,5048372596492807,$69.98,2022-09-15
Electra,MacGiany,5048376059382629,$420.13,2022-06-17
Hally,Matteacci,5048371409987623,$336.08,2022-06-22
Odey,Calderon,5108757435245886,$460.67,2022-06-03
Ole,Eskriet,5108757158990080,$288.34,2022-12-03
Nevins,Gedney,5048372765141656,$218.15,2022-08-19
Keven,Jon,5108751475883037,$11.75,2022-07-14
Lari,Tetley,5108757284164576,$309.38,2022-11-06
Willard,Cossentine,5108751774486615,$358.50,2022-09-28
Niels,Kuhne,5108751199314517,$468.89,2022-07-04
Gisella,Sapshed,5108755983171827,$352.29,2022-07-16
Audre,Camings,5108753815710748,$384.28,2022-01-26
Adelaide,Pear,5108753116444625,$428.52,2022-08-27
Marinna,Tonry,5048377633872374,$221.73,2022-12-25
Toddie,Itzkovici,5108753993451909,$86.06,2022-03-05
Marcelia,Adamson,5108750510086788,$343.63,2022-03-10
Isadore,Peatheyjohns,5048377190930136,$259.10,2022-12-30
Silva,Trodd,5048370466213766,$51.61,2022-12-25
Wendeline,France,5108756382783295,$31.37,2022-11-29
Charlean,Howles,5108753638342257,$438.18,2022-04-09
Gay,Moores,5108758690978872,$387.29,2022-06-10
Johnette,Obin,5108750289091217,$174.42,2022-09-05
Petra,Ceresa,5108750451287429,$321.39,2022-09-21
Elsinore,Davenhall,5108754644084818,$275.84,2022-05-07
Chantal,Bodicum,5108753018289482,$126.75,2022-09-26
Malina,Shea,5108752809534742,$257.25,2022-07-31
Sydney,Blazevic,5108751904593868,$328.28,2022-08-12
Ingram,Gelsthorpe,5108755421284703,$122.30,2022-03-15
Cynde,Drinnan,5048376175445557,$145.71,2022-05-21
Hardy,Watkin,5108759382611672,$116.98,2022-03-19
Ilka,Forsdike,5108753039409051,$168.65,2022-04-12
Rockie,Di Carli,5108759820753722,$486.69,2022-10-14
Ezri,Ninnis,5048370566033205,$452.86,2022-05-11
Margarette,Hebard,5108756931552670,$28.54,2022-01-24
Ellynn,Willson,5108751510986563,$97.15,2022-02-14
Christiano,Kibby,5108752313072007,$83.16,2022-05-13
